product_name,category,description_raw,url
COMPASS,Sport-Bottoms,French Terry Jogger,https://solbiatosport.com/product/compass/
JACK,Sport-Bottoms,French Terry Jogger,https://solbiatosport.com/product/jack/
ACT,Sport-Bottoms,French Terry Jogger,https://solbiatosport.com/product/act/
WAYS,Sport-Bottoms,French Terry Jogger,https://solbiatosport.com/product/ways/
CHAPAR,Sport-Bottoms,French Terry Jogger,https://solbiatosport.com/product/chapar/
METTA,Sport-Bottoms,French Terry Shorts,https://solbiatosport.com/product/metta/
TWELVE,Sport-Bottoms,French Terry Shorts,https://solbiatosport.com/product/twelve/
FAANI,Sport-Bottoms,French Terry Shorts,https://solbiatosport.com/product/faani/
DUSK,Sport-Bottoms,French Terry Shorts,https://solbiatosport.com/product/dusk/
TOOKA,Sport-Bottoms,French Terry Shorts,https://solbiatosport.com/product/tooka/
CHERRY,Sport-Bottoms,French Terry Shorts,https://solbiatosport.com/product/cherry/
INKY,Sport-Bottoms,French Terry Shorts,https://solbiatosport.com/product/inky/
OFFICE,Sport-Bottoms,French Terry Shorts,https://solbiatosport.com/product/office/
QUADRANT,Sport-Bottoms,Nylon Shorts,https://solbiatosport.com/product/quadrant/
MISHA,Sport-Bottoms,Nylon Shorts,https://solbiatosport.com/product/misha/
FILE,Sport-Bottoms,Nylon Shorts,https://solbiatosport.com/product/file/
RAFAT,Sport-Bottoms,Nylon Shorts,https://solbiatosport.com/product/rafat/
TOPAAZ,Sport-Bottoms,Nylon Shorts,https://solbiatosport.com/product/topaaz/
BACK,Sport-Bottoms,Nylon Shorts,https://solbiatosport.com/product/back/
BREEZY,Sport-Bottoms,French Terry Jogger,https://solbiatosport.com/product/breezy/
RIDER,Sport-Bottoms,Stretch Nylon Cargo Pants,https://solbiatosport.com/product/rider/
SAME,Sport-Bottoms,French Terry Cargo Pants,https://solbiatosport.com/product/same/
FLORIDA,Sport-Bottoms,Nylon Sweat Pants,https://solbiatosport.com/product/florida/
CL-Stretch Nylon Cargo Pants,Sport-Bottoms,Stretch Nylon Cargo Pants,https://solbiatosport.com/product/cl-stretch-nylon-cargo-pants/
CL-French Terry Jogger Short,Sport-Bottoms,French Terry Jogger Shorts,https://solbiatosport.com/product/cl-french-terry-jogger-short/
CL-French Terry Shorts,Sport-Bottoms,French Terry Shorts,https://solbiatosport.com/product/cl-french-terry-shorts/
CL-Nylon Shorts,Sport-Bottoms,Nylon Shorts,https://solbiatosport.com/product/cl-nylon-shorts/
HOOP,Sport-Bottoms,French Terry Jogger,https://solbiatosport.com/product/hoop/
DEBBI,Sport-Bottoms,French Terry Jogger,https://solbiatosport.com/product/debbi/
COLD,Sport-Bottoms,French Terry Jogger,https://solbiatosport.com/product/cold/
TASOO,Sport-Bottoms,French Terry Jogger,https://solbiatosport.com/product/tasoo/
TOOTOO,Sport-Bottoms,French Terry Jogger,https://solbiatosport.com/product/tootoo/
GEMI,Sport-Bottoms,French Terry Jogger,https://solbiatosport.com/product/gemi/
BILLION,Sport-Bottoms,Techno Fabric Joggers,https://solbiatosport.com/product/billion/
BENIM,Sport-Bottoms,Techno Fabric Joggers,https://solbiatosport.com/product/benim/
DELI,Sport-Bottoms,HB Fabric Joggers,https://solbiatosport.com/product/deli/
KAROON,Sport-Bottoms,HB Fabric Joggers,https://solbiatosport.com/product/karoon/
SAIN,Sport-Bottoms,HB Fabric Joggers,https://solbiatosport.com/product/sain/
SARET,Sport-Bottoms,Noah Fabric Joggers,https://solbiatosport.com/product/saret/
ZEER,Sport-Bottoms,Stretch Nylon Jogger,https://solbiatosport.com/product/zeer/
DEEN,Sport-Bottoms,French Terry Cargo Pants,https://solbiatosport.com/product/deen/
CL-Heavy Nylon CARGO PANTS,Sport-Bottoms,Heavy Nylon Cargo Pants,https://solbiatosport.com/product/cl-heavy-nylon-cargo-pants/
CL-French Terry Jogger,Sport-Bottoms,French Terry Joggers,https://solbiatosport.com/product/cl-french-terry-jogger/
BANDOON,Sport-Bottoms,French Terry Joggers,https://solbiatosport.com/product/bandoon/
MIXTURE,Sport-Bottoms,French Terry Shorts,https://solbiatosport.com/product/mixture/
SWAN,Sport-Bottoms,French Terry Shorts,https://solbiatosport.com/product/swan/
DIYAR,Sport-Bottoms,French Terry Joggers,https://solbiatosport.com/product/diyar/
MALIT,Sport-Bottoms,Stretch Nylon Jogger,https://solbiatosport.com/product/malit/
EXHAUST,Sport-Bottoms,Nylon Shorts,https://solbiatosport.com/product/exhaust/
HAVAZ,Sport-Bottoms,French Terry Joggers,https://solbiatosport.com/product/havaz/
ZIRAB,Sport-Bottoms,French Terry Joggers,https://solbiatosport.com/product/zirab/
EMCEE,Sport-Bottoms,French Terry Joggers,https://solbiatosport.com/product/emcee/
BRISTOW,Sport-Bottoms,Nylon Sweat Pants,https://solbiatosport.com/product/bristow/
NIDAA,Sport-Bottoms,Nylon Shorts,https://solbiatosport.com/product/nidaa/
AMMAR,Sport-Bottoms,Nylon Shorts,https://solbiatosport.com/product/ammar/
LEVELS,Sport-Bottoms,French Terry Joggers,https://solbiatosport.com/product/levels/
VESPUCHI,Sport-Bottoms,French Terry Shorts,https://solbiatosport.com/product/vespuchi/
R.J.,Sport-Bottoms,French Terry Joggers,https://solbiatosport.com/product/r-j/
REBOUND,Sport-Bottoms,French Terry Shorts,https://solbiatosport.com/product/rebound/
SCIENCE,Sport-Bottoms,French Terry Joggers,https://solbiatosport.com/product/science/
BELOW,Sport-Bottoms,French Terry Shorts,https://solbiatosport.com/product/below/
KAYY,Sport-Bottoms,French Terry Joggers,https://solbiatosport.com/product/kayy/
LOTT,Sport-Bottoms,Nylon Shorts,https://solbiatosport.com/product/lott/
DABIR,Sport-Bottoms,Nylon Shorts,https://solbiatosport.com/product/dabir/
PAAK,Sport-Bottoms,French Terry Shorts,https://solbiatosport.com/product/paak/
BAMBOOL,Sport-Bottoms,French Terry Shorts,https://solbiatosport.com/product/bambool/
AROMA,Sport-Bottoms,Nylon Shorts,https://solbiatosport.com/product/aroma/
FENDER,Sport-Bottoms,French Terry Joggers,https://solbiatosport.com/product/fender/
YETA,Sport-Bottoms,French Terry Shorts,https://solbiatosport.com/product/yeta/
SHEEN,Sport-Bottoms,French Terry Cargo Pants,https://solbiatosport.com/product/sheen/
NEGIN,Sport-Bottoms,Techno Fabric Joggers,https://solbiatosport.com/product/negin/
BUXX,Sport-Bottoms,Techno Fabric Joggers,https://solbiatosport.com/product/buxx/
WAA,Sport-Bottoms,Nylon Sweat Pants,https://solbiatosport.com/product/waa/
SHARE,Sport-Bottoms,French Terry Cargo Pants,https://solbiatosport.com/product/share/
SEFID,Sport-Bottoms,Heavy Nylon Cargo Pants,https://solbiatosport.com/product/sefid/
POOSH,Sport-Bottoms,French Terry Joggers,https://solbiatosport.com/product/poosh/
MANHATTAN,Sport-Bottoms,French Terry Joggers,https://solbiatosport.com/product/manhattan/
JOSEPH,Sport-Bottoms,French Terry Joggers,https://solbiatosport.com/product/joseph/
GASHT,Sport-Bottoms,French Terry Joggers,https://solbiatosport.com/product/gasht/
HESHI,Sport-Bottoms,French Terry Joggers,https://solbiatosport.com/product/heshi/
ELEGANT,Sport-Bottoms,Nylon Sweat Pants,https://solbiatosport.com/product/elegant/
EJECT,Sport-Bottoms,French Terry Cargo Pants,https://solbiatosport.com/product/eject/
CREED,Sport-Bottoms,French Terry Joggers,https://solbiatosport.com/product/creed/
BRESCO,Sport-Bottoms,French Terry Joggers,https://solbiatosport.com/product/bresco/
BROOD,Sport-Bottoms,Lightweight Stretch Nylon Jogger,https://solbiatosport.com/product/brood/
BEDI,Sport-Bottoms,French Terry Joggers,https://solbiatosport.com/product/bedi/
BLINK,Sport-Bottoms,Noah Fabric Joggers,https://solbiatosport.com/product/blink/
APPO,Sport-Bottoms,Noah Fabric Joggers,https://solbiatosport.com/product/appo/
AYNEH,Sport-Bottoms,Regular Fleece Joggers,https://solbiatosport.com/product/ayneh/
ALOO,Sport-Bottoms,Lightweight Stretch Nylon Jogger,https://solbiatosport.com/product/aloo/
AFARIN,Sport-Bottoms,French Terry Joggers,https://solbiatosport.com/product/afarin/
BARD,Sport-Bottoms,Noah Fabric Joggers,https://solbiatosport.com/product/bard/
GALA,Sport-Bottoms,French Terry Shorts,https://solbiatosport.com/product/gala/
AFTERNOON,Sport-Bottoms,French Terry Shorts,https://solbiatosport.com/product/afternoon/
TEXT,Sport-Bottoms,Nylon Shorts,https://solbiatosport.com/product/text/
CODDY,Sport-Bottoms,Nylon Shorts,https://solbiatosport.com/product/coddy/
KAARO,Sport-Bottoms,French Terry Joggers,https://solbiatosport.com/product/kaaro/
MADA,Sport-Bottoms,French Terry Joggers,https://solbiatosport.com/product/mada/
MOFFLE,Sport-Bottoms,Techno Fabric Joggers,https://solbiatosport.com/product/moffle/
NIMM,Sport-Bottoms,Techno Fabric Joggers,https://solbiatosport.com/product/nimm/
FIREBALL,Sport-Bottoms,French Terry Joggers,https://solbiatosport.com/product/fireball/
FEET,Sport-Bottoms,French Terry Joggers,https://solbiatosport.com/product/feet/
BARG,Sport-Bottoms,French Terry Joggers,https://solbiatosport.com/product/barg/
LIMO,Sport-Bottoms,French Terry Joggers,https://solbiatosport.com/product/limo/
ADIYELA,Sport-Bottoms,French Terry Joggers,https://solbiatosport.com/product/adiyela/
ZAN,Sport-Bottoms,French Terry Joggers,https://solbiatosport.com/product/zan/
COW,Sport-Bottoms,French Terry Joggers,https://solbiatosport.com/product/cow/
NONE,Sport-Bottoms,French Terry Joggers,https://solbiatosport.com/product/none/
PEROSA,Sport-Bottoms,French Terry Joggers,https://solbiatosport.com/product/perosa/
TAVANA,Sport-Bottoms,French Terry Joggers,https://solbiatosport.com/product/tavana/
FEE,Sport-Bottoms,French Terry Joggers,https://solbiatosport.com/product/fee/
POOL,Sport-Bottoms,French Terry Shorts,https://solbiatosport.com/product/pool/
TG,Sport-Bottoms,Nylon Shorts,https://solbiatosport.com/product/tg/
RAISED,Sport-Bottoms,Nylon Shorts,https://solbiatosport.com/product/raised/
KAALE,Sport-Bottoms,Nylon Shorts,https://solbiatosport.com/product/kaale/
HERNDON,Sport-Bottoms,Nylon Shorts,https://solbiatosport.com/product/herndon/
DIBOLA,Sport-Bottoms,Lightweight Stretch Nylon Jogger,https://solbiatosport.com/product/dibola/
CL-French Terry Reflective Jogger,Sport-Bottoms,French Terry Joggers,https://solbiatosport.com/product/cl-french-terry-reflective-jogger/
CL-French Terry Tape Logo Jogger,Sport-Bottoms,French Terry Joggers,https://solbiatosport.com/product/cl-tape-jogger/
EVAN,Sport-Bottoms,French Terry Joggers,https://solbiatosport.com/product/evan/
NUK,Sport-Bottoms,French Terry Joggers,https://solbiatosport.com/product/nuk/
FUN,Sport-Bottoms,French Terry Joggers,https://solbiatosport.com/product/fun/
PALANG,Sport-Bottoms,French Terry Joggers,https://solbiatosport.com/product/palang/
KIDO,Sport-Bottoms,French Terry Joggers,https://solbiatosport.com/product/kido/
MENDOZA,Sport-Bottoms,French Terry Joggers,https://solbiatosport.com/product/mendoza/
VISTA,Sport-Bottoms,French Terry Joggers,https://solbiatosport.com/product/vista/
TIRDAD,Sport-Bottoms,French Terry Joggers,https://solbiatosport.com/product/tirdad/
DOOZ,Sport-Bottoms,French Terry Joggers,https://solbiatosport.com/product/dooz/
DASTAN,Sport-Bottoms,French Terry Joggers,https://solbiatosport.com/product/dastan/
PESTEH,Sport-Bottoms,French Terry Joggers,https://solbiatosport.com/product/pesteh/
BEIPING,Sport-Bottoms,French Terry Joggers,https://solbiatosport.com/product/beiping/
STEEL,Sport-Bottoms,French Terry Joggers,https://solbiatosport.com/product/steel/
MOXI,Sport-Bottoms,Regular Fleece Joggers,https://solbiatosport.com/product/moxi/
NAGOO,Sport-Bottoms,Regular Fleece Joggers,https://solbiatosport.com/product/nagoo/
TOSS,Sport-Bottoms,Noah Fabric Joggers,https://solbiatosport.com/product/toss/
VARZESH,Sport-Bottoms,Noah Fabric Joggers,https://solbiatosport.com/product/varzesh/
CHAX,Sport-Bottoms,Noah Fabric Joggers,https://solbiatosport.com/product/chax/
ZEMIN,Sport-Bottoms,Noah Fabric Joggers,https://solbiatosport.com/product/zemin/
AGED,Sport-Bottoms,Techno Fabric Joggers,https://solbiatosport.com/product/aged/
UNBLOCKED,Sport-Bottoms,Techno Fabric Joggers,https://solbiatosport.com/product/unblocked/
AMARTA,Sport-Bottoms,Techno Fabric Joggers,https://solbiatosport.com/product/amarta/
SEFT,Sport-Bottoms,Lightweight Stretch Nylon Jogger,https://solbiatosport.com/product/seft/
PICHO,Sport-Bottoms,Techno Fabric Joggers,https://solbiatosport.com/product/picho/
BABOL,Sport-Bottoms,Techno Fabric Joggers,https://solbiatosport.com/product/babol/
NATIONAL,Sport-Bottoms,French Terry Joggers,https://solbiatosport.com/product/national/
FENCING,Sport-Bottoms,French Terry Joggers,https://solbiatosport.com/product/fencing/
STRUCTURE,Sport-Bottoms,French Terry Joggers,https://solbiatosport.com/product/structure/
RONY,Sport-Bottoms,French Terry Joggers,https://solbiatosport.com/product/rony/
BICK,Sport-Bottoms,French Terry Joggers,https://solbiatosport.com/product/bick/
CHEVRON,Sport-Bottoms,French Terry Joggers,https://solbiatosport.com/product/chevron/
MAPLE,Sport-Bottoms,French Terry Joggers,https://solbiatosport.com/product/maple/
SPPA,Sport-Bottoms,French Terry Joggers,https://solbiatosport.com/product/sppa/
FETA,Sport-Bottoms,French Terry Joggers,https://solbiatosport.com/product/feta/
DUNIGAN,Sport-Bottoms,French Terry Joggers,https://solbiatosport.com/product/dunigan/
VILIDGE,Sport-Bottoms,French Terry Joggers,https://solbiatosport.com/product/vilidge/
ZIAD,Sport-Bottoms,French Terry Joggers,https://solbiatosport.com/product/ziad/
DIGITS,Sport-Bottoms,French Terry Joggers,https://solbiatosport.com/product/digits/
MALIBU,Sport-Bottoms,French Terry Joggers,https://solbiatosport.com/product/malibu/
SHIRLEY,Sport-Bottoms,French Terry Joggers,https://solbiatosport.com/product/shirley/
SAHAR,Sport-Bottoms,Nylon Joggers,https://solbiatosport.com/product/sahar/
FORGET,Sport-Bottoms,Nylon Joggers,https://solbiatosport.com/product/forget/
MOMO,Sport-Bottoms,Nylon Sweat Pants,https://solbiatosport.com/product/momo/
HURRICANE,Sport-Bottoms,French Terry Shorts,https://solbiatosport.com/product/hurricane/
VERTEX,Sport-Bottoms,French Terry Shorts,https://solbiatosport.com/product/vertex/
MESSY,Sport-Bottoms,French Terry Shorts,https://solbiatosport.com/product/messy/
GRAPE,Sport-Bottoms,French Terry Shorts,https://solbiatosport.com/product/grape/
DAAS,Sport-Bottoms,French Terry Shorts,https://solbiatosport.com/product/daas/
APARTMENT,Sport-Bottoms,French Terry Shorts,https://solbiatosport.com/product/apartment/
NOVEMBER,Sport-Bottoms,French Terry Shorts,https://solbiatosport.com/product/november/
RITTED,Sport-Bottoms,French Terry Shorts,https://solbiatosport.com/product/ritted/
SHIMA,Sport-Bottoms,French Terry Shorts,https://solbiatosport.com/product/shima/
ROTATED,Sport-Bottoms,French Terry Shorts,https://solbiatosport.com/product/rotated/
MAASH,Sport-Bottoms,Nylon Shorts,https://solbiatosport.com/product/maash/
BARAK,Sport-Bottoms,Nylon Shorts,https://solbiatosport.com/product/barak/
MORE,Sport-Bottoms,Nylon Shorts,https://solbiatosport.com/product/more/
MEYBOD,Sport-Bottoms,Nylon Shorts,https://solbiatosport.com/product/meybod/
UNZIPPING,Sport-Bottoms,Noah Fabric Joggers,https://solbiatosport.com/product/unzipping/
BUTTON,Sport-Bottoms,FRENCH TERRY JOGGERS,https://solbiatosport.com/product/button/
SHINGLE,Sport-Bottoms,Noah Fabric Joggers,https://solbiatosport.com/product/shingle/
WEEKS,Sport-Bottoms,Regular Fleece Joggers,https://solbiatosport.com/product/weeks/
TAAN,Sport-Bottoms,French Terry Joggers,https://solbiatosport.com/product/taan/
DEGON,Sport-Bottoms,French Terry Joggers,https://solbiatosport.com/product/degon/
NEUTRON,Sport-Bottoms,French Terry Joggers,https://solbiatosport.com/product/neutron/
CLIENT,Sport-Bottoms,French Terry Joggers,https://solbiatosport.com/product/client/
JEWELERS,Sport-Bottoms,French Terry Joggers,https://solbiatosport.com/product/jewelers/
CL-Nylon Sweat Pants,Sport-Bottoms,Nylon Sweat Pants,https://solbiatosport.com/product/cl-nylon-sweat-pants/
CL-French Terry Sweat Pants,Sport-Bottoms,French Terry Sweat Pants,https://solbiatosport.com/product/cl-french-terry-sweat-pants/
CL-Noah Fabric Jogger,Sport-Bottoms,Noah Fabric Joggers,https://solbiatosport.com/product/cl-noah-fabric-jogger/
KALA,Sport-Bottoms,French Terry Shorts,https://solbiatosport.com/product/kala/
FARLAND,Sport-Bottoms,Nylon Shorts,https://solbiatosport.com/product/farland/
RAILED,Sport-Bottoms,French Terry Jogger Shorts,https://solbiatosport.com/product/railed/
MITE,Sport-Bottoms,French Terry Shorts,https://solbiatosport.com/product/mite/
TAIL,Sport-Bottoms,French Terry Shorts,https://solbiatosport.com/product/tail/
IMAGE,Sport-Bottoms,French Terry Shorts,https://solbiatosport.com/product/image/
SPEED,Sport-Bottoms,French Terry Jogger Shorts,https://solbiatosport.com/product/speed/
DAVID,Sport-Bottoms,French Terry Jogger Shorts,https://solbiatosport.com/product/david/
BROIL,Sport-Bottoms,Nylon Joggers,https://solbiatosport.com/product/broil/
VISIBLE,Sport-Bottoms,Nylon Joggers,https://solbiatosport.com/product/visible/
LITERAL,Sport-Bottoms,French Terry Joggers,https://solbiatosport.com/product/literal/
RYUZO,Sport-Bottoms,French Terry Joggers,https://solbiatosport.com/product/ryuzo/
TIBANA,Sport-Bottoms,French Terry Joggers,https://solbiatosport.com/product/tibana/
EIGHTEEN,Sport-Bottoms,French Terry Joggers,https://solbiatosport.com/product/eighteen/
ROJA,Sport-Bottoms,French Terry Joggers,https://solbiatosport.com/product/roja/
ROVER,Sport-Bottoms,French Terry Joggers,https://solbiatosport.com/product/rover/
WINGS,Sport-Bottoms,French Terry Joggers,https://solbiatosport.com/product/wings/
GIFT,Sport-Bottoms,French Terry Joggers,https://solbiatosport.com/product/gift/
BIRN,Sport-Bottoms,French Terry Joggers,https://solbiatosport.com/product/birn/
SPEECH,Sport-Bottoms,French Terry Joggers,https://solbiatosport.com/product/speech/
DORS,Sport-Bottoms,French Terry Joggers,https://solbiatosport.com/product/dors/
HANDWRITTEN,Sport-Bottoms,French Terry Joggers,https://solbiatosport.com/product/handwritten/
ROLE,Sport-Bottoms,French Terry Joggers,https://solbiatosport.com/product/role/
CHANGE,Sport-Bottoms,Techno Fabric Joggers,https://solbiatosport.com/product/change/
FORD,Sport-Bottoms,Techno Fabric Joggers,https://solbiatosport.com/product/ford/
MAAHI,Sport-Bottoms,Techno Fabric Joggers,https://solbiatosport.com/product/maahi/
STATE,Sport-Bottoms,Techno Fabric Joggers,https://solbiatosport.com/product/state/
CHINGOL,Sport-Bottoms,French Terry Joggers,https://solbiatosport.com/product/chingol/
TROPICAL,Sport-Bottoms,French Terry Joggers,https://solbiatosport.com/product/tropical/
DRESSING,Sport-Bottoms,French Terry Joggers,https://solbiatosport.com/product/dressing/
PROMOTION,Sport-Bottoms,French Terry Joggers,https://solbiatosport.com/product/promotion/
TIEBREAK,Sport-Bottoms,Solb Fabric Joggers,https://solbiatosport.com/product/tiebreak/
MANGO,Sport-Bottoms,French Terry Jogger Shorts,https://solbiatosport.com/product/mango/
BRAZIL,Sport-Bottoms,French Terry Jogger Shorts,https://solbiatosport.com/product/brazil/
YARD,Sport-Bottoms,French Terry Joggers,https://solbiatosport.com/product/yard/
POOYAN,Sport-Bottoms,French Terry Joggers,https://solbiatosport.com/product/pooyan/
LOREN,Sport-Bottoms,French Terry Joggers,https://solbiatosport.com/product/loren/
DOWNGRADE,Sport-Bottoms,French Terry Joggers,https://solbiatosport.com/product/downgrade/
BOY,Sport-Bottoms,French Terry Joggers,https://solbiatosport.com/product/boy/
